metric,mean,std
accuracy,0.7203183229813666,0.028775003468652503
sensitivity,0.23804878048780492,0.2173443086051388
specificity,0.8829971988795519,0.10833863396649526
auc,0.7506881276901004,0.055543570234714935
