metric,mean,std
accuracy,0.7178260869565218,0.06254092469209384
sensitivity,0.5346341463414633,0.10774788803759247
specificity,0.7795658263305322,0.054906949160276414
auc,0.72124587517934,0.07398876361529223
