metric,mean,std
accuracy,0.5578689458689459,0.07691498955059438
sensitivity,0.7714285714285715,0.4356557337707687
specificity,0.29790209790209793,0.4135227042679554
auc,0.7439371739371738,0.08188926604159778
