metric,mean,std
accuracy,0.6102905982905983,0.035844794758626494
sensitivity,1.0,0.0
specificity,0.1337995337995338,0.07544943608738318
auc,0.7633882783882784,0.15816346027339945
