auc,sens_05,spec_05,tp_05,fn_05,tn_05,fp_05,youden_thresh,sens_y,spec_y,tp_y,fn_y,tn_y,fp_y,fold
0.7752032520325204,0.5853658536585366,0.8166666666666667,24,17,98,22,0.37802883982658386,0.7073170731707317,0.7833333333333333,29,12,94,26,1
0.8439583333333334,0.7,0.8833333333333333,28,12,106,14,0.33318349719047546,0.8,0.825,32,8,99,21,2
0.6972916666666666,0.4,0.8,16,24,96,24,0.24219270050525665,0.775,0.625,31,9,75,45,3
0.7058333333333334,0.4,0.8666666666666667,16,24,104,16,0.23711594939231873,0.8,0.5916666666666667,32,8,71,49,4
0.7125435540069687,0.3902439024390244,0.7983193277310925,16,25,95,24,0.2501893639564514,0.8048780487804879,0.6302521008403361,33,8,75,44,5
