auc,sens_05,spec_05,tp_05,fn_05,tn_05,fp_05,youden_thresh,sens_y,spec_y,tp_y,fn_y,tn_y,fp_y,fold
0.711111111111111,1.0,0.3333333333333333,15,0,4,8,0.8640613555908203,0.5333333333333333,0.8333333333333334,8,7,10,2,1
0.7032967032967032,0.8571428571428571,0.3076923076923077,12,2,4,9,0.7142200469970703,0.6428571428571429,0.7692307692307693,9,5,10,3,2
0.7151515151515151,1.0,0.36363636363636365,15,0,4,7,0.7381716966629028,0.8666666666666667,0.6363636363636364,13,2,7,4,3
0.461038961038961,1.0,0.0,14,0,0,11,0.7234790325164795,0.07142857142857142,1.0,1,13,11,0,4
0.44047619047619047,0.7142857142857143,0.16666666666666666,10,4,2,10,0.74391108751297,0.6428571428571429,0.5,9,5,6,6,5
