auc,sens_05,spec_05,tp_05,fn_05,tn_05,fp_05,youden_thresh,sens_y,spec_y,tp_y,fn_y,tn_y,fp_y,fold
0.7723577235772358,0.5853658536585366,0.8,24,17,96,24,0.3672429025173187,0.7073170731707317,0.7833333333333333,29,12,94,26,1
0.839375,0.7,0.8833333333333333,28,12,106,14,0.33480390906333923,0.8,0.825,32,8,99,21,2
0.699375,0.4,0.8,16,24,96,24,0.3274042010307312,0.675,0.7166666666666667,27,13,86,34,3
0.6997916666666667,0.4,0.8666666666666667,16,24,104,16,0.2338106632232666,0.775,0.5916666666666667,31,9,71,49,4
0.7143881943021111,0.3902439024390244,0.7983193277310925,16,25,95,24,0.24195662140846252,0.8048780487804879,0.6302521008403361,33,8,75,44,5
