auc,sens_05,spec_05,tp_05,fn_05,tn_05,fp_05,youden_thresh,sens_y,spec_y,tp_y,fn_y,tn_y,fp_y,fold
0.7611111111111111,0.0,1.0,0,15,12,0,0.33568528294563293,0.5333333333333333,1.0,8,7,12,0,1
0.7087912087912087,0.8571428571428571,0.3076923076923077,12,2,4,9,0.9245510697364807,0.5714285714285714,0.9230769230769231,8,6,12,1,2
0.8666666666666667,1.0,0.18181818181818182,15,0,2,9,0.8102137446403503,0.7333333333333333,0.9090909090909091,11,4,10,1,3
0.7402597402597403,1.0,0.0,14,0,0,11,0.9254956841468811,0.7142857142857143,0.8181818181818182,10,4,9,2,4
0.6428571428571429,1.0,0.0,14,0,0,12,0.7928917407989502,0.42857142857142855,1.0,6,8,12,0,5
