auc,sens_05,spec_05,tp_05,fn_05,tn_05,fp_05,youden_thresh,sens_y,spec_y,tp_y,fn_y,tn_y,fp_y,fold
0.7666666666666666,1.0,0.3333333333333333,15,0,4,8,0.7553640604019165,0.7333333333333333,0.75,11,4,9,3,1
0.6923076923076923,0.8571428571428571,0.3076923076923077,12,2,4,9,0.7562862634658813,0.5714285714285714,0.8461538461538461,8,6,11,2,2
0.812121212121212,1.0,0.18181818181818182,15,0,2,9,0.7552711367607117,0.6666666666666666,0.9090909090909091,10,5,10,1,3
0.4935064935064935,1.0,0.0,14,0,0,11,0.7572792768478394,0.5,0.6363636363636364,7,7,7,4,4
0.4642857142857143,0.7142857142857143,0.16666666666666666,10,4,2,10,0.7543659210205078,0.6428571428571429,0.5,9,5,6,6,5
