{
  "mean": 0.0008651074718247662,
  "std": 0.295818905957026,
  "num_samples": 104
}