{
  "mean": 0.0012552247840555723,
  "std": 0.3095247242051581,
  "num_samples": 106
}