{
  "mean": 0.000838726427351307,
  "std": 0.295348046008447,
  "num_samples": 105
}