{
  "mean": 0.0016800477089200818,
  "std": 0.39160539489229373,
  "num_samples": 641
}