{
  "mean": 0.0009175754959132855,
  "std": 0.29654608340342153,
  "num_samples": 104
}