{
  "mean": 0.001695207017293104,
  "std": 0.3909282347039507,
  "num_samples": 641
}