{
  "mean": 0.0017733188163724268,
  "std": 0.3950706131478135,
  "num_samples": 640
}