{
  "mean": 0.0016401923568432155,
  "std": 0.3912096146408748,
  "num_samples": 641
}