{
  "mean": 0.0011273236593161108,
  "std": 0.3025009509992869,
  "num_samples": 105
}