{
  "mean": 0.0016404173838233803,
  "std": 0.3926131742370391,
  "num_samples": 641
}