auc,thresh_05,sens_05,spec_05,acc_05,tp_05,fn_05,tn_05,fp_05,youden_thresh,youden_sens,youden_spec,youden_acc,tp_y,fn_y,tn_y,fp_y,fold
0.769918699186992,0.5,0.0,1.0,0.7453416149068323,0,41,120,0,0.38198137283325195,0.7560975609756098,0.7416666666666667,0.7453416149068323,31,10,89,31,1
0.8391666666666666,0.5,0.0,1.0,0.75,0,40,120,0,0.24443182349205017,0.875,0.7583333333333333,0.7875,35,5,91,29,2
0.7270833333333333,0.5,0.4,0.7833333333333333,0.6875,16,24,94,26,0.193649560213089,0.9,0.6083333333333333,0.68125,36,4,73,47,3
0.7135416666666667,0.5,0.4,0.8333333333333334,0.725,16,24,100,20,0.24987125396728516,0.8,0.6333333333333333,0.675,32,8,76,44,4
0.7037302725968436,0.5,0.3902439024390244,0.7983193277310925,0.69375,16,25,95,24,0.26280900835990906,0.8780487804878049,0.6050420168067226,0.675,36,5,72,47,5
