auc,thresh_05,sens_05,spec_05,acc_05,tp_05,fn_05,tn_05,fp_05,youden_thresh,youden_sens,youden_spec,youden_acc,tp_y,fn_y,tn_y,fp_y,fold
0.7682926829268293,0.5,0.0,1.0,0.7453416149068323,0,41,120,0,0.38595548272132874,0.7560975609756098,0.7416666666666667,0.7453416149068323,31,10,89,31,1
0.8422916666666667,0.5,0.0,1.0,0.75,0,40,120,0,0.21115045249462128,0.875,0.7583333333333333,0.7875,35,5,91,29,2
0.7072916666666667,0.5,0.4,0.7833333333333333,0.6875,16,24,94,26,0.188873291015625,0.9,0.575,0.65625,36,4,69,51,3
0.7047916666666667,0.5,0.4,0.8333333333333334,0.725,16,24,100,20,0.25989407300949097,0.8,0.6,0.65,32,8,72,48,4
0.6945070711211314,0.5,0.3902439024390244,0.7983193277310925,0.69375,16,25,95,24,0.2539125680923462,0.8048780487804879,0.6302521008403361,0.675,33,8,75,44,5
