auc,thresh_05,sens_05,spec_05,acc_05,tp_05,fn_05,tn_05,fp_05,youden_thresh,youden_sens,youden_spec,youden_acc,tp_y,fn_y,tn_y,fp_y,fold
0.7611111111111111,0.5,0.0,1.0,0.4444444444444444,0,15,12,0,0.33568528294563293,0.5333333333333333,1.0,0.7407407407407407,8,7,12,0,1
0.7087912087912087,0.5,0.8571428571428571,0.3076923076923077,0.5925925925925926,12,2,4,9,0.9245510697364807,0.5714285714285714,0.9230769230769231,0.7407407407407407,8,6,12,1,2
0.8666666666666667,0.5,1.0,0.18181818181818182,0.6538461538461539,15,0,2,9,0.8102137446403503,0.7333333333333333,0.9090909090909091,0.8076923076923077,11,4,10,1,3
0.7402597402597403,0.5,1.0,0.0,0.56,14,0,0,11,0.9254956841468811,0.7142857142857143,0.8181818181818182,0.76,10,4,9,2,4
0.6428571428571429,0.5,1.0,0.0,0.5384615384615384,14,0,0,12,0.7928917407989502,0.42857142857142855,1.0,0.6923076923076923,6,8,12,0,5
