auc,thresh_05,sens_05,spec_05,acc_05,tp_05,fn_05,tn_05,fp_05,youden_thresh,youden_sens,youden_spec,youden_acc,tp_y,fn_y,tn_y,fp_y,fold
0.8333333333333334,0.5,1.0,0.16666666666666666,0.6296296296296297,15,0,2,10,0.8625341057777405,0.7333333333333333,0.8333333333333334,0.7777777777777778,11,4,10,2,1
0.6538461538461539,0.5,1.0,0.15384615384615385,0.5925925925925926,14,0,2,11,0.751167893409729,0.8571428571428571,0.46153846153846156,0.6666666666666666,12,2,6,7,2
0.9515151515151515,0.5,1.0,0.18181818181818182,0.6538461538461539,15,0,2,9,0.759959876537323,0.8,1.0,0.8846153846153846,12,3,11,0,3
0.8246753246753247,0.5,1.0,0.0,0.56,14,0,0,11,0.6819900870323181,0.9285714285714286,0.8181818181818182,0.88,13,1,9,2,4
0.5535714285714285,0.5,1.0,0.16666666666666666,0.6153846153846154,14,0,2,10,0.963493287563324,0.42857142857142855,0.8333333333333334,0.6153846153846154,6,8,10,2,5
